"","ic","method","pval","null_l","tmt_l","or_7_1_param","or_6_2_param","fl_8_3_param","fl_8_5_param","all_converge","valid_subset"
"1","4.8990256269843,0.499886615969469,1.73731872659343,0.000653937972683112","Nelder-Mead",0,-71146.3,-71405.2042119691,"4.33603340565513,0.920670533195477,0.692515621102237,0.0862427829691093","5.40420851253377,0.915005955445343,0.839681389816478,0.0672280415667016","5.84235851856955,0.885561162242664,0.902619837963912,0.0609585878823041","7.14224434515278,0.859137979601919,1.04815951233042,0.0608437284944864",TRUE,TRUE
"2","4.8990256269843,0.499886615969469,1.73731872659343,0.000653937972683112","Nelder-Mead",1,-74005.7,-71405.2042119691,"4.33603340565513,0.920670533195477,0.692515621102237,0.0862427829691093","5.40420851253377,0.915005955445343,0.839681389816478,0.0672280415667016","5.84235851856955,0.885561162242664,0.902619837963912,0.0609585878823041","7.14224434515278,0.859137979601919,1.04815951233042,0.0608437284944864",TRUE,TRUE
"3","4.8990256269843,0.499886615969469,1.73731872659343,0.000653937972683112","Nelder-Mead",1,-74195.9,-71405.2042119691,"4.33603340565513,0.920670533195477,0.692515621102237,0.0862427829691093","5.40420851253377,0.915005955445343,0.839681389816478,0.0672280415667016","5.84235851856955,0.885561162242664,0.902619837963912,0.0609585878823041","7.14224434515278,0.859137979601919,1.04815951233042,0.0608437284944864",TRUE,TRUE
"4","4.8990256269843,0.499886615969469,1.73731872659343,0.000653937972683112","Nelder-Mead",1,-74189.1,-71405.2042119691,"4.33603340565513,0.920670533195477,0.692515621102237,0.0862427829691093","5.40420851253377,0.915005955445343,0.839681389816478,0.0672280415667016","5.84235851856955,0.885561162242664,0.902619837963912,0.0609585878823041","7.14224434515278,0.859137979601919,1.04815951233042,0.0608437284944864",TRUE,TRUE
"5","4.8990256269843,0.499886615969469,1.73731872659343,0.000653937972683112","Nelder-Mead",1,-74569.3,-71405.2042119691,"4.33603340565513,0.920670533195477,0.692515621102237,0.0862427829691093","5.40420851253377,0.915005955445343,0.839681389816478,0.0672280415667016","5.84235851856955,0.885561162242664,0.902619837963912,0.0609585878823041","7.14224434515278,0.859137979601919,1.04815951233042,0.0608437284944864",TRUE,TRUE
"6","4.8990256269843,0.499886615969469,1.73731872659343,0.000653937972683112","Nelder-Mead",1,-74571.7,-71405.2042119691,"4.33603340565513,0.920670533195477,0.692515621102237,0.0862427829691093","5.40420851253377,0.915005955445343,0.839681389816478,0.0672280415667016","5.84235851856955,0.885561162242664,0.902619837963912,0.0609585878823041","7.14224434515278,0.859137979601919,1.04815951233042,0.0608437284944864",TRUE,TRUE
"7","3,0.7,1,7e-04","Nelder-Mead",0,-71146.3,-75451.7583669625,"3.40028014225816,0.98431862992689,0.545746365418567,0.0845845452887377","2.94284469347015,0.966294318968104,0.577800342105739,0.0636590393875971","3.1237270919986,0.95809216786041,0.590528572372294,0.0537388857216877","2.98986981584469,0.977393507304826,0.559772238978445,0.0521216931428123",TRUE,TRUE
"8","3,0.7,1,7e-04","Nelder-Mead",0,-74005.7,-75451.7583669625,"3.40028014225816,0.98431862992689,0.545746365418567,0.0845845452887377","2.94284469347015,0.966294318968104,0.577800342105739,0.0636590393875971","3.1237270919986,0.95809216786041,0.590528572372294,0.0537388857216877","2.98986981584469,0.977393507304826,0.559772238978445,0.0521216931428123",TRUE,TRUE
"9","3,0.7,1,7e-04","Nelder-Mead",0,-74195.9,-75451.7583669625,"3.40028014225816,0.98431862992689,0.545746365418567,0.0845845452887377","2.94284469347015,0.966294318968104,0.577800342105739,0.0636590393875971","3.1237270919986,0.95809216786041,0.590528572372294,0.0537388857216877","2.98986981584469,0.977393507304826,0.559772238978445,0.0521216931428123",TRUE,TRUE
"10","3,0.7,1,7e-04","Nelder-Mead",0,-74189.1,-75451.7583669625,"3.40028014225816,0.98431862992689,0.545746365418567,0.0845845452887377","2.94284469347015,0.966294318968104,0.577800342105739,0.0636590393875971","3.1237270919986,0.95809216786041,0.590528572372294,0.0537388857216877","2.98986981584469,0.977393507304826,0.559772238978445,0.0521216931428123",TRUE,TRUE
"11","3,0.7,1,7e-04","Nelder-Mead",0,-74569.3,-75451.7583669625,"3.40028014225816,0.98431862992689,0.545746365418567,0.0845845452887377","2.94284469347015,0.966294318968104,0.577800342105739,0.0636590393875971","3.1237270919986,0.95809216786041,0.590528572372294,0.0537388857216877","2.98986981584469,0.977393507304826,0.559772238978445,0.0521216931428123",TRUE,TRUE
"12","3,0.7,1,7e-04","Nelder-Mead",0,-74571.7,-75451.7583669625,"3.40028014225816,0.98431862992689,0.545746365418567,0.0845845452887377","2.94284469347015,0.966294318968104,0.577800342105739,0.0636590393875971","3.1237270919986,0.95809216786041,0.590528572372294,0.0537388857216877","2.98986981584469,0.977393507304826,0.559772238978445,0.0521216931428123",TRUE,TRUE
"13","2.5,0.8,0.9,0.001","Nelder-Mead",0,-71146.3,-74486.2747362245,"2.36910090430184,0.930921999061026,0.498076674949481,0.0888401557017457","3.70865266646679,0.952037179825163,0.6639120742864,0.0636002390341037","3.09605199180296,0.963412632453781,0.581685528316652,0.0543779103747765","3.33409529631825,0.953838946845538,0.619437999893868,0.0515759805699874",TRUE,TRUE
"14","2.5,0.8,0.9,0.001","Nelder-Mead",0,-74005.7,-74486.2747362245,"2.36910090430184,0.930921999061026,0.498076674949481,0.0888401557017457","3.70865266646679,0.952037179825163,0.6639120742864,0.0636002390341037","3.09605199180296,0.963412632453781,0.581685528316652,0.0543779103747765","3.33409529631825,0.953838946845538,0.619437999893868,0.0515759805699874",TRUE,TRUE
"15","2.5,0.8,0.9,0.001","Nelder-Mead",0,-74195.9,-74486.2747362245,"2.36910090430184,0.930921999061026,0.498076674949481,0.0888401557017457","3.70865266646679,0.952037179825163,0.6639120742864,0.0636002390341037","3.09605199180296,0.963412632453781,0.581685528316652,0.0543779103747765","3.33409529631825,0.953838946845538,0.619437999893868,0.0515759805699874",TRUE,TRUE
"16","2.5,0.8,0.9,0.001","Nelder-Mead",0,-74189.1,-74486.2747362245,"2.36910090430184,0.930921999061026,0.498076674949481,0.0888401557017457","3.70865266646679,0.952037179825163,0.6639120742864,0.0636002390341037","3.09605199180296,0.963412632453781,0.581685528316652,0.0543779103747765","3.33409529631825,0.953838946845538,0.619437999893868,0.0515759805699874",TRUE,TRUE
"17","2.5,0.8,0.9,0.001","Nelder-Mead",1,-74569.3,-74486.2747362245,"2.36910090430184,0.930921999061026,0.498076674949481,0.0888401557017457","3.70865266646679,0.952037179825163,0.6639120742864,0.0636002390341037","3.09605199180296,0.963412632453781,0.581685528316652,0.0543779103747765","3.33409529631825,0.953838946845538,0.619437999893868,0.0515759805699874",TRUE,TRUE
"18","2.5,0.8,0.9,0.001","Nelder-Mead",1,-74571.7,-74486.2747362245,"2.36910090430184,0.930921999061026,0.498076674949481,0.0888401557017457","3.70865266646679,0.952037179825163,0.6639120742864,0.0636002390341037","3.09605199180296,0.963412632453781,0.581685528316652,0.0543779103747765","3.33409529631825,0.953838946845538,0.619437999893868,0.0515759805699874",TRUE,TRUE
"19","4,0.5,0.8,9e-04","Nelder-Mead",0,-71146.3,-75139.5128690926,"3.89864038745256,0.937453632297683,0.633810561500378,0.0851571208138971","3.72851494690405,0.951405053004601,0.666966742767075,0.0634365485783873","3.77879414752248,0.927510023928104,0.689067058630369,0.0539260455376148","3.91769746710764,0.926080207237713,0.70850755574657,0.0538366925928694",TRUE,TRUE
"20","4,0.5,0.8,9e-04","Nelder-Mead",0,-74005.7,-75139.5128690926,"3.89864038745256,0.937453632297683,0.633810561500378,0.0851571208138971","3.72851494690405,0.951405053004601,0.666966742767075,0.0634365485783873","3.77879414752248,0.927510023928104,0.689067058630369,0.0539260455376148","3.91769746710764,0.926080207237713,0.70850755574657,0.0538366925928694",TRUE,TRUE
"21","4,0.5,0.8,9e-04","Nelder-Mead",0,-74195.9,-75139.5128690926,"3.89864038745256,0.937453632297683,0.633810561500378,0.0851571208138971","3.72851494690405,0.951405053004601,0.666966742767075,0.0634365485783873","3.77879414752248,0.927510023928104,0.689067058630369,0.0539260455376148","3.91769746710764,0.926080207237713,0.70850755574657,0.0538366925928694",TRUE,TRUE
"22","4,0.5,0.8,9e-04","Nelder-Mead",0,-74189.1,-75139.5128690926,"3.89864038745256,0.937453632297683,0.633810561500378,0.0851571208138971","3.72851494690405,0.951405053004601,0.666966742767075,0.0634365485783873","3.77879414752248,0.927510023928104,0.689067058630369,0.0539260455376148","3.91769746710764,0.926080207237713,0.70850755574657,0.0538366925928694",TRUE,TRUE
"23","4,0.5,0.8,9e-04","Nelder-Mead",0,-74569.3,-75139.5128690926,"3.89864038745256,0.937453632297683,0.633810561500378,0.0851571208138971","3.72851494690405,0.951405053004601,0.666966742767075,0.0634365485783873","3.77879414752248,0.927510023928104,0.689067058630369,0.0539260455376148","3.91769746710764,0.926080207237713,0.70850755574657,0.0538366925928694",TRUE,TRUE
"24","4,0.5,0.8,9e-04","Nelder-Mead",0,-74571.7,-75139.5128690926,"3.89864038745256,0.937453632297683,0.633810561500378,0.0851571208138971","3.72851494690405,0.951405053004601,0.666966742767075,0.0634365485783873","3.77879414752248,0.927510023928104,0.689067058630369,0.0539260455376148","3.91769746710764,0.926080207237713,0.70850755574657,0.0538366925928694",TRUE,TRUE
"25","2.04806679524682,0.997001628679229,0.618510030987695,0.00145509133473723","Nelder-Mead",0,-71146.3,-75748.1502571031,"3.2370728426343,0.981264731233009,0.535872190555408,0.0869792339944802","3.66944775506354,0.95125893086875,0.6619227644606,0.063660698362987","3.18049797801315,0.956690852457012,0.597363637265445,0.0535979507827035","3.33022049067894,0.954956558869706,0.617267769086601,0.0519263117961362",TRUE,TRUE
"26","2.04806679524682,0.997001628679229,0.618510030987695,0.00145509133473723","Nelder-Mead",0,-74005.7,-75748.1502571031,"3.2370728426343,0.981264731233009,0.535872190555408,0.0869792339944802","3.66944775506354,0.95125893086875,0.6619227644606,0.063660698362987","3.18049797801315,0.956690852457012,0.597363637265445,0.0535979507827035","3.33022049067894,0.954956558869706,0.617267769086601,0.0519263117961362",TRUE,TRUE
"27","2.04806679524682,0.997001628679229,0.618510030987695,0.00145509133473723","Nelder-Mead",0,-74195.9,-75748.1502571031,"3.2370728426343,0.981264731233009,0.535872190555408,0.0869792339944802","3.66944775506354,0.95125893086875,0.6619227644606,0.063660698362987","3.18049797801315,0.956690852457012,0.597363637265445,0.0535979507827035","3.33022049067894,0.954956558869706,0.617267769086601,0.0519263117961362",TRUE,TRUE
"28","2.04806679524682,0.997001628679229,0.618510030987695,0.00145509133473723","Nelder-Mead",0,-74189.1,-75748.1502571031,"3.2370728426343,0.981264731233009,0.535872190555408,0.0869792339944802","3.66944775506354,0.95125893086875,0.6619227644606,0.063660698362987","3.18049797801315,0.956690852457012,0.597363637265445,0.0535979507827035","3.33022049067894,0.954956558869706,0.617267769086601,0.0519263117961362",TRUE,TRUE
"29","2.04806679524682,0.997001628679229,0.618510030987695,0.00145509133473723","Nelder-Mead",0,-74569.3,-75748.1502571031,"3.2370728426343,0.981264731233009,0.535872190555408,0.0869792339944802","3.66944775506354,0.95125893086875,0.6619227644606,0.063660698362987","3.18049797801315,0.956690852457012,0.597363637265445,0.0535979507827035","3.33022049067894,0.954956558869706,0.617267769086601,0.0519263117961362",TRUE,TRUE
"30","2.04806679524682,0.997001628679229,0.618510030987695,0.00145509133473723","Nelder-Mead",0,-74571.7,-75748.1502571031,"3.2370728426343,0.981264731233009,0.535872190555408,0.0869792339944802","3.66944775506354,0.95125893086875,0.6619227644606,0.063660698362987","3.18049797801315,0.956690852457012,0.597363637265445,0.0535979507827035","3.33022049067894,0.954956558869706,0.617267769086601,0.0519263117961362",TRUE,TRUE
"31","1.416,0.984,0.444,0.101","Nelder-Mead",0,-71146.3,-75772.5292744345,"3.27876238618522,0.988082452898771,0.530648163908391,0.0848187523541459","3.71976697724019,0.950587670877476,0.666398977182129,0.0635944481030413","3.1654580787102,0.957578941752745,0.595032543077718,0.0536797591834702","3.33805252726091,0.953269883924741,0.62074619495952,0.0516432139885355",TRUE,TRUE
"32","1.416,0.984,0.444,0.101","Nelder-Mead",0,-74005.7,-75772.5292744345,"3.27876238618522,0.988082452898771,0.530648163908391,0.0848187523541459","3.71976697724019,0.950587670877476,0.666398977182129,0.0635944481030413","3.1654580787102,0.957578941752745,0.595032543077718,0.0536797591834702","3.33805252726091,0.953269883924741,0.62074619495952,0.0516432139885355",TRUE,TRUE
"33","1.416,0.984,0.444,0.101","Nelder-Mead",0,-74195.9,-75772.5292744345,"3.27876238618522,0.988082452898771,0.530648163908391,0.0848187523541459","3.71976697724019,0.950587670877476,0.666398977182129,0.0635944481030413","3.1654580787102,0.957578941752745,0.595032543077718,0.0536797591834702","3.33805252726091,0.953269883924741,0.62074619495952,0.0516432139885355",TRUE,TRUE
"34","1.416,0.984,0.444,0.101","Nelder-Mead",0,-74189.1,-75772.5292744345,"3.27876238618522,0.988082452898771,0.530648163908391,0.0848187523541459","3.71976697724019,0.950587670877476,0.666398977182129,0.0635944481030413","3.1654580787102,0.957578941752745,0.595032543077718,0.0536797591834702","3.33805252726091,0.953269883924741,0.62074619495952,0.0516432139885355",TRUE,TRUE
"35","1.416,0.984,0.444,0.101","Nelder-Mead",0,-74569.3,-75772.5292744345,"3.27876238618522,0.988082452898771,0.530648163908391,0.0848187523541459","3.71976697724019,0.950587670877476,0.666398977182129,0.0635944481030413","3.1654580787102,0.957578941752745,0.595032543077718,0.0536797591834702","3.33805252726091,0.953269883924741,0.62074619495952,0.0516432139885355",TRUE,TRUE
"36","1.416,0.984,0.444,0.101","Nelder-Mead",0,-74571.7,-75772.5292744345,"3.27876238618522,0.988082452898771,0.530648163908391,0.0848187523541459","3.71976697724019,0.950587670877476,0.666398977182129,0.0635944481030413","3.1654580787102,0.957578941752745,0.595032543077718,0.0536797591834702","3.33805252726091,0.953269883924741,0.62074619495952,0.0516432139885355",TRUE,TRUE
"37","5e-04,0.5,1,1","Nelder-Mead",1,-71146.3,-68708.8155232415,"3.2787249356284,0.988080394120248,0.530643375714687,0.0848215448523311","5.42652456250958,0.892711454105687,0.872464311587211,0.065871254911456","3.15759060220613,0.969479051346082,0.576217444968824,0.0551734689659452","1.14680146065521,0.939349435696165,0.446309658718401,0.109742873352743",FALSE,TRUE
"38","5e-04,0.5,1,1","Nelder-Mead",1,-74005.7,-68708.8155232415,"3.2787249356284,0.988080394120248,0.530643375714687,0.0848215448523311","5.42652456250958,0.892711454105687,0.872464311587211,0.065871254911456","3.15759060220613,0.969479051346082,0.576217444968824,0.0551734689659452","1.14680146065521,0.939349435696165,0.446309658718401,0.109742873352743",FALSE,TRUE
"39","5e-04,0.5,1,1","Nelder-Mead",1,-74195.9,-68708.8155232415,"3.2787249356284,0.988080394120248,0.530643375714687,0.0848215448523311","5.42652456250958,0.892711454105687,0.872464311587211,0.065871254911456","3.15759060220613,0.969479051346082,0.576217444968824,0.0551734689659452","1.14680146065521,0.939349435696165,0.446309658718401,0.109742873352743",FALSE,TRUE
"40","5e-04,0.5,1,1","Nelder-Mead",1,-74189.1,-68708.8155232415,"3.2787249356284,0.988080394120248,0.530643375714687,0.0848215448523311","5.42652456250958,0.892711454105687,0.872464311587211,0.065871254911456","3.15759060220613,0.969479051346082,0.576217444968824,0.0551734689659452","1.14680146065521,0.939349435696165,0.446309658718401,0.109742873352743",FALSE,TRUE
"41","5e-04,0.5,1,1","Nelder-Mead",1,-74569.3,-68708.8155232415,"3.2787249356284,0.988080394120248,0.530643375714687,0.0848215448523311","5.42652456250958,0.892711454105687,0.872464311587211,0.065871254911456","3.15759060220613,0.969479051346082,0.576217444968824,0.0551734689659452","1.14680146065521,0.939349435696165,0.446309658718401,0.109742873352743",FALSE,TRUE
"42","5e-04,0.5,1,1","Nelder-Mead",1,-74571.7,-68708.8155232415,"3.2787249356284,0.988080394120248,0.530643375714687,0.0848215448523311","5.42652456250958,0.892711454105687,0.872464311587211,0.065871254911456","3.15759060220613,0.969479051346082,0.576217444968824,0.0551734689659452","1.14680146065521,0.939349435696165,0.446309658718401,0.109742873352743",FALSE,TRUE
"43","2.5,1,1,1","Nelder-Mead",0,-71146.3,-75772.5296267514,"3.27880954987359,0.988114851462532,0.530632097200953,0.0848194775603988","3.72075156048582,0.950564948243327,0.666494551592374,0.0636030222637478","3.16564125303247,0.957564549675979,0.595076642435344,0.0536764570940677","3.33834348960031,0.953295678177125,0.620725866252292,0.0516444959053582",TRUE,TRUE
"44","2.5,1,1,1","Nelder-Mead",0,-74005.7,-75772.5296267514,"3.27880954987359,0.988114851462532,0.530632097200953,0.0848194775603988","3.72075156048582,0.950564948243327,0.666494551592374,0.0636030222637478","3.16564125303247,0.957564549675979,0.595076642435344,0.0536764570940677","3.33834348960031,0.953295678177125,0.620725866252292,0.0516444959053582",TRUE,TRUE
"45","2.5,1,1,1","Nelder-Mead",0,-74195.9,-75772.5296267514,"3.27880954987359,0.988114851462532,0.530632097200953,0.0848194775603988","3.72075156048582,0.950564948243327,0.666494551592374,0.0636030222637478","3.16564125303247,0.957564549675979,0.595076642435344,0.0536764570940677","3.33834348960031,0.953295678177125,0.620725866252292,0.0516444959053582",TRUE,TRUE
"46","2.5,1,1,1","Nelder-Mead",0,-74189.1,-75772.5296267514,"3.27880954987359,0.988114851462532,0.530632097200953,0.0848194775603988","3.72075156048582,0.950564948243327,0.666494551592374,0.0636030222637478","3.16564125303247,0.957564549675979,0.595076642435344,0.0536764570940677","3.33834348960031,0.953295678177125,0.620725866252292,0.0516444959053582",TRUE,TRUE
"47","2.5,1,1,1","Nelder-Mead",0,-74569.3,-75772.5296267514,"3.27880954987359,0.988114851462532,0.530632097200953,0.0848194775603988","3.72075156048582,0.950564948243327,0.666494551592374,0.0636030222637478","3.16564125303247,0.957564549675979,0.595076642435344,0.0536764570940677","3.33834348960031,0.953295678177125,0.620725866252292,0.0516444959053582",TRUE,TRUE
"48","2.5,1,1,1","Nelder-Mead",0,-74571.7,-75772.5296267514,"3.27880954987359,0.988114851462532,0.530632097200953,0.0848194775603988","3.72075156048582,0.950564948243327,0.666494551592374,0.0636030222637478","3.16564125303247,0.957564549675979,0.595076642435344,0.0536764570940677","3.33834348960031,0.953295678177125,0.620725866252292,0.0516444959053582",TRUE,TRUE
"49","4,0.94,0.7029,0.0546","Nelder-Mead",0,-71146.3,-75772.529327139,"3.27879544090073,0.988078950416967,0.530667353876996,0.0848242304831762","3.7200519179013,0.950574238223551,0.666432305053352,0.0636012002178961","3.16540030898291,0.957602509356022,0.594999319816747,0.0536784425912096","3.33867010284033,0.953273780185729,0.620795522766585,0.0516455359387647",TRUE,TRUE
"50","4,0.94,0.7029,0.0546","Nelder-Mead",0,-74005.7,-75772.529327139,"3.27879544090073,0.988078950416967,0.530667353876996,0.0848242304831762","3.7200519179013,0.950574238223551,0.666432305053352,0.0636012002178961","3.16540030898291,0.957602509356022,0.594999319816747,0.0536784425912096","3.33867010284033,0.953273780185729,0.620795522766585,0.0516455359387647",TRUE,TRUE
"51","4,0.94,0.7029,0.0546","Nelder-Mead",0,-74195.9,-75772.529327139,"3.27879544090073,0.988078950416967,0.530667353876996,0.0848242304831762","3.7200519179013,0.950574238223551,0.666432305053352,0.0636012002178961","3.16540030898291,0.957602509356022,0.594999319816747,0.0536784425912096","3.33867010284033,0.953273780185729,0.620795522766585,0.0516455359387647",TRUE,TRUE
"52","4,0.94,0.7029,0.0546","Nelder-Mead",0,-74189.1,-75772.529327139,"3.27879544090073,0.988078950416967,0.530667353876996,0.0848242304831762","3.7200519179013,0.950574238223551,0.666432305053352,0.0636012002178961","3.16540030898291,0.957602509356022,0.594999319816747,0.0536784425912096","3.33867010284033,0.953273780185729,0.620795522766585,0.0516455359387647",TRUE,TRUE
"53","4,0.94,0.7029,0.0546","Nelder-Mead",0,-74569.3,-75772.529327139,"3.27879544090073,0.988078950416967,0.530667353876996,0.0848242304831762","3.7200519179013,0.950574238223551,0.666432305053352,0.0636012002178961","3.16540030898291,0.957602509356022,0.594999319816747,0.0536784425912096","3.33867010284033,0.953273780185729,0.620795522766585,0.0516455359387647",TRUE,TRUE
"54","4,0.94,0.7029,0.0546","Nelder-Mead",0,-74571.7,-75772.529327139,"3.27879544090073,0.988078950416967,0.530667353876996,0.0848242304831762","3.7200519179013,0.950574238223551,0.666432305053352,0.0636012002178961","3.16540030898291,0.957602509356022,0.594999319816747,0.0536784425912096","3.33867010284033,0.953273780185729,0.620795522766585,0.0516455359387647",TRUE,TRUE
"55","4,1,1,1","Nelder-Mead",0,-71146.3,-75772.5286650942,"3.27914527080758,0.988035879267472,0.530734406666381,0.0848196205549036","3.7197751264319,0.950600566218763,0.666385924126399,0.0636087682884073","3.16553864432831,0.957625140788393,0.594965980661872,0.0536769539945551","3.3378669829534,0.95329245872876,0.620691626061179,0.0516430879409639",TRUE,TRUE
"56","4,1,1,1","Nelder-Mead",0,-74005.7,-75772.5286650942,"3.27914527080758,0.988035879267472,0.530734406666381,0.0848196205549036","3.7197751264319,0.950600566218763,0.666385924126399,0.0636087682884073","3.16553864432831,0.957625140788393,0.594965980661872,0.0536769539945551","3.3378669829534,0.95329245872876,0.620691626061179,0.0516430879409639",TRUE,TRUE
"57","4,1,1,1","Nelder-Mead",0,-74195.9,-75772.5286650942,"3.27914527080758,0.988035879267472,0.530734406666381,0.0848196205549036","3.7197751264319,0.950600566218763,0.666385924126399,0.0636087682884073","3.16553864432831,0.957625140788393,0.594965980661872,0.0536769539945551","3.3378669829534,0.95329245872876,0.620691626061179,0.0516430879409639",TRUE,TRUE
"58","4,1,1,1","Nelder-Mead",0,-74189.1,-75772.5286650942,"3.27914527080758,0.988035879267472,0.530734406666381,0.0848196205549036","3.7197751264319,0.950600566218763,0.666385924126399,0.0636087682884073","3.16553864432831,0.957625140788393,0.594965980661872,0.0536769539945551","3.3378669829534,0.95329245872876,0.620691626061179,0.0516430879409639",TRUE,TRUE
"59","4,1,1,1","Nelder-Mead",0,-74569.3,-75772.5286650942,"3.27914527080758,0.988035879267472,0.530734406666381,0.0848196205549036","3.7197751264319,0.950600566218763,0.666385924126399,0.0636087682884073","3.16553864432831,0.957625140788393,0.594965980661872,0.0536769539945551","3.3378669829534,0.95329245872876,0.620691626061179,0.0516430879409639",TRUE,TRUE
"60","4,1,1,1","Nelder-Mead",0,-74571.7,-75772.5286650942,"3.27914527080758,0.988035879267472,0.530734406666381,0.0848196205549036","3.7197751264319,0.950600566218763,0.666385924126399,0.0636087682884073","3.16553864432831,0.957625140788393,0.594965980661872,0.0536769539945551","3.3378669829534,0.95329245872876,0.620691626061179,0.0516430879409639",TRUE,TRUE
"61","4.8990256269843,0.499886615969469,1.73731872659343,0.000653937972683112","BFGS",1,-71146.3,8000,"4.89308395055535,4.63887508809403,1.80017230272302,-51.2112096540728","4.89681106265408,2.75728469102272,1.76329059123849,-28.5827868695207","4.89589360096751,3.56252776904501,1.77319583965715,-37.3267720699603","4.89681325164597,2.88829774659982,1.7630435819048,-29.2544896707344",TRUE,TRUE
"62","4.8990256269843,0.499886615969469,1.73731872659343,0.000653937972683112","BFGS",1,-74005.7,8000,"4.89308395055535,4.63887508809403,1.80017230272302,-51.2112096540728","4.89681106265408,2.75728469102272,1.76329059123849,-28.5827868695207","4.89589360096751,3.56252776904501,1.77319583965715,-37.3267720699603","4.89681325164597,2.88829774659982,1.7630435819048,-29.2544896707344",TRUE,TRUE
"63","4.8990256269843,0.499886615969469,1.73731872659343,0.000653937972683112","BFGS",1,-74195.9,8000,"4.89308395055535,4.63887508809403,1.80017230272302,-51.2112096540728","4.89681106265408,2.75728469102272,1.76329059123849,-28.5827868695207","4.89589360096751,3.56252776904501,1.77319583965715,-37.3267720699603","4.89681325164597,2.88829774659982,1.7630435819048,-29.2544896707344",TRUE,TRUE
"64","4.8990256269843,0.499886615969469,1.73731872659343,0.000653937972683112","BFGS",1,-74189.1,8000,"4.89308395055535,4.63887508809403,1.80017230272302,-51.2112096540728","4.89681106265408,2.75728469102272,1.76329059123849,-28.5827868695207","4.89589360096751,3.56252776904501,1.77319583965715,-37.3267720699603","4.89681325164597,2.88829774659982,1.7630435819048,-29.2544896707344",TRUE,TRUE
"65","4.8990256269843,0.499886615969469,1.73731872659343,0.000653937972683112","BFGS",1,-74569.3,8000,"4.89308395055535,4.63887508809403,1.80017230272302,-51.2112096540728","4.89681106265408,2.75728469102272,1.76329059123849,-28.5827868695207","4.89589360096751,3.56252776904501,1.77319583965715,-37.3267720699603","4.89681325164597,2.88829774659982,1.7630435819048,-29.2544896707344",TRUE,TRUE
"66","4.8990256269843,0.499886615969469,1.73731872659343,0.000653937972683112","BFGS",1,-74571.7,8000,"4.89308395055535,4.63887508809403,1.80017230272302,-51.2112096540728","4.89681106265408,2.75728469102272,1.76329059123849,-28.5827868695207","4.89589360096751,3.56252776904501,1.77319583965715,-37.3267720699603","4.89681325164597,2.88829774659982,1.7630435819048,-29.2544896707344",TRUE,TRUE
"67","3,0.7,1,7e-04","BFGS",1,-71146.3,8000,"3.02718494069934,5.41618554758954,0.98908983707373,-68.2140302466464","2.98369950491898,4.44069532709738,1.26656987815103,-32.0216001844957","2.97596913577713,5.61850475106415,1.34505451074768,-37.5577308641728","2.98077878311884,4.60254942599384,1.28374042804102,-29.2473917519537",TRUE,TRUE
"68","3,0.7,1,7e-04","BFGS",1,-74005.7,8000,"3.02718494069934,5.41618554758954,0.98908983707373,-68.2140302466464","2.98369950491898,4.44069532709738,1.26656987815103,-32.0216001844957","2.97596913577713,5.61850475106415,1.34505451074768,-37.5577308641728","2.98077878311884,4.60254942599384,1.28374042804102,-29.2473917519537",TRUE,TRUE
"69","3,0.7,1,7e-04","BFGS",1,-74195.9,8000,"3.02718494069934,5.41618554758954,0.98908983707373,-68.2140302466464","2.98369950491898,4.44069532709738,1.26656987815103,-32.0216001844957","2.97596913577713,5.61850475106415,1.34505451074768,-37.5577308641728","2.98077878311884,4.60254942599384,1.28374042804102,-29.2473917519537",TRUE,TRUE
"70","3,0.7,1,7e-04","BFGS",1,-74189.1,8000,"3.02718494069934,5.41618554758954,0.98908983707373,-68.2140302466464","2.98369950491898,4.44069532709738,1.26656987815103,-32.0216001844957","2.97596913577713,5.61850475106415,1.34505451074768,-37.5577308641728","2.98077878311884,4.60254942599384,1.28374042804102,-29.2473917519537",TRUE,TRUE
"71","3,0.7,1,7e-04","BFGS",1,-74569.3,8000,"3.02718494069934,5.41618554758954,0.98908983707373,-68.2140302466464","2.98369950491898,4.44069532709738,1.26656987815103,-32.0216001844957","2.97596913577713,5.61850475106415,1.34505451074768,-37.5577308641728","2.98077878311884,4.60254942599384,1.28374042804102,-29.2473917519537",TRUE,TRUE
"72","3,0.7,1,7e-04","BFGS",1,-74571.7,8000,"3.02718494069934,5.41618554758954,0.98908983707373,-68.2140302466464","2.98369950491898,4.44069532709738,1.26656987815103,-32.0216001844957","2.97596913577713,5.61850475106415,1.34505451074768,-37.5577308641728","2.98077878311884,4.60254942599384,1.28374042804102,-29.2473917519537",TRUE,TRUE
"73","2.5,0.8,0.9,0.001","BFGS",1,-71146.3,8000,"2.64046542189279,-0.481531652631959,0.132616873914154,-42.7306337996271","2.63510049816307,2.18134857462395,0.387743987209396,-53.6974446362459","2.66701567661484,2.15661987228085,0.190851644245872,-56.2612909440363","2.61661454543192,2.1572108647777,0.449708528213634,-41.2715635861066",TRUE,TRUE
"74","2.5,0.8,0.9,0.001","BFGS",1,-74005.7,8000,"2.64046542189279,-0.481531652631959,0.132616873914154,-42.7306337996271","2.63510049816307,2.18134857462395,0.387743987209396,-53.6974446362459","2.66701567661484,2.15661987228085,0.190851644245872,-56.2612909440363","2.61661454543192,2.1572108647777,0.449708528213634,-41.2715635861066",TRUE,TRUE
"75","2.5,0.8,0.9,0.001","BFGS",1,-74195.9,8000,"2.64046542189279,-0.481531652631959,0.132616873914154,-42.7306337996271","2.63510049816307,2.18134857462395,0.387743987209396,-53.6974446362459","2.66701567661484,2.15661987228085,0.190851644245872,-56.2612909440363","2.61661454543192,2.1572108647777,0.449708528213634,-41.2715635861066",TRUE,TRUE
"76","2.5,0.8,0.9,0.001","BFGS",1,-74189.1,8000,"2.64046542189279,-0.481531652631959,0.132616873914154,-42.7306337996271","2.63510049816307,2.18134857462395,0.387743987209396,-53.6974446362459","2.66701567661484,2.15661987228085,0.190851644245872,-56.2612909440363","2.61661454543192,2.1572108647777,0.449708528213634,-41.2715635861066",TRUE,TRUE
"77","2.5,0.8,0.9,0.001","BFGS",1,-74569.3,8000,"2.64046542189279,-0.481531652631959,0.132616873914154,-42.7306337996271","2.63510049816307,2.18134857462395,0.387743987209396,-53.6974446362459","2.66701567661484,2.15661987228085,0.190851644245872,-56.2612909440363","2.61661454543192,2.1572108647777,0.449708528213634,-41.2715635861066",TRUE,TRUE
"78","2.5,0.8,0.9,0.001","BFGS",1,-74571.7,8000,"2.64046542189279,-0.481531652631959,0.132616873914154,-42.7306337996271","2.63510049816307,2.18134857462395,0.387743987209396,-53.6974446362459","2.66701567661484,2.15661987228085,0.190851644245872,-56.2612909440363","2.61661454543192,2.1572108647777,0.449708528213634,-41.2715635861066",TRUE,TRUE
"79","4,0.5,0.8,9e-04","BFGS",1,-71146.3,8000,"3.94740409081191,3.19585437477617,1.44463607835547,-58.9969403965723","3.9781562050583,1.83821855103069,1.10108248780552,-30.6493166039264","3.97154381338655,2.30836145578902,1.1927859147449,-40.0405137824883","3.97839217286294,1.90122243755303,1.10529329630981,-31.1372515675459",TRUE,TRUE
"80","4,0.5,0.8,9e-04","BFGS",1,-74005.7,8000,"3.94740409081191,3.19585437477617,1.44463607835547,-58.9969403965723","3.9781562050583,1.83821855103069,1.10108248780552,-30.6493166039264","3.97154381338655,2.30836145578902,1.1927859147449,-40.0405137824883","3.97839217286294,1.90122243755303,1.10529329630981,-31.1372515675459",TRUE,TRUE
"81","4,0.5,0.8,9e-04","BFGS",1,-74195.9,8000,"3.94740409081191,3.19585437477617,1.44463607835547,-58.9969403965723","3.9781562050583,1.83821855103069,1.10108248780552,-30.6493166039264","3.97154381338655,2.30836145578902,1.1927859147449,-40.0405137824883","3.97839217286294,1.90122243755303,1.10529329630981,-31.1372515675459",TRUE,TRUE
"82","4,0.5,0.8,9e-04","BFGS",1,-74189.1,8000,"3.94740409081191,3.19585437477617,1.44463607835547,-58.9969403965723","3.9781562050583,1.83821855103069,1.10108248780552,-30.6493166039264","3.97154381338655,2.30836145578902,1.1927859147449,-40.0405137824883","3.97839217286294,1.90122243755303,1.10529329630981,-31.1372515675459",TRUE,TRUE
"83","4,0.5,0.8,9e-04","BFGS",1,-74569.3,8000,"3.94740409081191,3.19585437477617,1.44463607835547,-58.9969403965723","3.9781562050583,1.83821855103069,1.10108248780552,-30.6493166039264","3.97154381338655,2.30836145578902,1.1927859147449,-40.0405137824883","3.97839217286294,1.90122243755303,1.10529329630981,-31.1372515675459",TRUE,TRUE
"84","4,0.5,0.8,9e-04","BFGS",1,-74571.7,8000,"3.94740409081191,3.19585437477617,1.44463607835547,-58.9969403965723","3.9781562050583,1.83821855103069,1.10108248780552,-30.6493166039264","3.97154381338655,2.30836145578902,1.1927859147449,-40.0405137824883","3.97839217286294,1.90122243755303,1.10529329630981,-31.1372515675459",TRUE,TRUE
"85","2.04806679524682,0.997001628679229,0.618510030987695,0.00145509133473723","BFGS",1,-71146.3,8000,"108.698999342572,-999.056706486541,-600.076232414244,-1.6425656612395","118.525133132001,-1196.19479758208,-681.757405629468,-2.7907653686021","91.6971700633728,-1013.152247577,-556.215741977042,-2.36486537973857","128.60104892649,-1442.41762312906,-790.878602518261,-4.0131020198573",TRUE,TRUE
"86","2.04806679524682,0.997001628679229,0.618510030987695,0.00145509133473723","BFGS",1,-74005.7,8000,"108.698999342572,-999.056706486541,-600.076232414244,-1.6425656612395","118.525133132001,-1196.19479758208,-681.757405629468,-2.7907653686021","91.6971700633728,-1013.152247577,-556.215741977042,-2.36486537973857","128.60104892649,-1442.41762312906,-790.878602518261,-4.0131020198573",TRUE,TRUE
"87","2.04806679524682,0.997001628679229,0.618510030987695,0.00145509133473723","BFGS",1,-74195.9,8000,"108.698999342572,-999.056706486541,-600.076232414244,-1.6425656612395","118.525133132001,-1196.19479758208,-681.757405629468,-2.7907653686021","91.6971700633728,-1013.152247577,-556.215741977042,-2.36486537973857","128.60104892649,-1442.41762312906,-790.878602518261,-4.0131020198573",TRUE,TRUE
"88","2.04806679524682,0.997001628679229,0.618510030987695,0.00145509133473723","BFGS",1,-74189.1,8000,"108.698999342572,-999.056706486541,-600.076232414244,-1.6425656612395","118.525133132001,-1196.19479758208,-681.757405629468,-2.7907653686021","91.6971700633728,-1013.152247577,-556.215741977042,-2.36486537973857","128.60104892649,-1442.41762312906,-790.878602518261,-4.0131020198573",TRUE,TRUE
"89","2.04806679524682,0.997001628679229,0.618510030987695,0.00145509133473723","BFGS",1,-74569.3,8000,"108.698999342572,-999.056706486541,-600.076232414244,-1.6425656612395","118.525133132001,-1196.19479758208,-681.757405629468,-2.7907653686021","91.6971700633728,-1013.152247577,-556.215741977042,-2.36486537973857","128.60104892649,-1442.41762312906,-790.878602518261,-4.0131020198573",TRUE,TRUE
"90","2.04806679524682,0.997001628679229,0.618510030987695,0.00145509133473723","BFGS",1,-74571.7,8000,"108.698999342572,-999.056706486541,-600.076232414244,-1.6425656612395","118.525133132001,-1196.19479758208,-681.757405629468,-2.7907653686021","91.6971700633728,-1013.152247577,-556.215741977042,-2.36486537973857","128.60104892649,-1442.41762312906,-790.878602518261,-4.0131020198573",TRUE,TRUE
"91","1.416,0.984,0.444,0.101","BFGS",0,-71146.3,-75772.527456107,"3.27887241970675,0.988061883714429,0.530684132583008,0.0848246793717785","3.72065538383308,0.950536669609742,0.666522411768279,0.0636128610825345","3.1656703465549,0.957558057600352,0.595096617669701,0.053695730991563","3.33830489257457,0.953283726331247,0.62073779758837,0.0516582268537416",TRUE,TRUE
"92","1.416,0.984,0.444,0.101","BFGS",0,-74005.7,-75772.527456107,"3.27887241970675,0.988061883714429,0.530684132583008,0.0848246793717785","3.72065538383308,0.950536669609742,0.666522411768279,0.0636128610825345","3.1656703465549,0.957558057600352,0.595096617669701,0.053695730991563","3.33830489257457,0.953283726331247,0.62073779758837,0.0516582268537416",TRUE,TRUE
"93","1.416,0.984,0.444,0.101","BFGS",0,-74195.9,-75772.527456107,"3.27887241970675,0.988061883714429,0.530684132583008,0.0848246793717785","3.72065538383308,0.950536669609742,0.666522411768279,0.0636128610825345","3.1656703465549,0.957558057600352,0.595096617669701,0.053695730991563","3.33830489257457,0.953283726331247,0.62073779758837,0.0516582268537416",TRUE,TRUE
"94","1.416,0.984,0.444,0.101","BFGS",0,-74189.1,-75772.527456107,"3.27887241970675,0.988061883714429,0.530684132583008,0.0848246793717785","3.72065538383308,0.950536669609742,0.666522411768279,0.0636128610825345","3.1656703465549,0.957558057600352,0.595096617669701,0.053695730991563","3.33830489257457,0.953283726331247,0.62073779758837,0.0516582268537416",TRUE,TRUE
"95","1.416,0.984,0.444,0.101","BFGS",0,-74569.3,-75772.527456107,"3.27887241970675,0.988061883714429,0.530684132583008,0.0848246793717785","3.72065538383308,0.950536669609742,0.666522411768279,0.0636128610825345","3.1656703465549,0.957558057600352,0.595096617669701,0.053695730991563","3.33830489257457,0.953283726331247,0.62073779758837,0.0516582268537416",TRUE,TRUE
"96","1.416,0.984,0.444,0.101","BFGS",0,-74571.7,-75772.527456107,"3.27887241970675,0.988061883714429,0.530684132583008,0.0848246793717785","3.72065538383308,0.950536669609742,0.666522411768279,0.0636128610825345","3.1656703465549,0.957558057600352,0.595096617669701,0.053695730991563","3.33830489257457,0.953283726331247,0.62073779758837,0.0516582268537416",TRUE,TRUE
"97","5e-04,0.5,1,1","BFGS",1,-71146.3,8000,"1.79763405323128,362.521453462148,1.00146232268889,-2343.02083210207","-0.738714116947551,1076.67683265789,1.00915097916732,-4622.85767086153","-2.15800102267723,1472.09480410437,1.01276887587665,-6290.81146613701","-1.7185404532812,1154.69372755787,1.01014854751702,-4775.97049505559",TRUE,TRUE
"98","5e-04,0.5,1,1","BFGS",1,-74005.7,8000,"1.79763405323128,362.521453462148,1.00146232268889,-2343.02083210207","-0.738714116947551,1076.67683265789,1.00915097916732,-4622.85767086153","-2.15800102267723,1472.09480410437,1.01276887587665,-6290.81146613701","-1.7185404532812,1154.69372755787,1.01014854751702,-4775.97049505559",TRUE,TRUE
"99","5e-04,0.5,1,1","BFGS",1,-74195.9,8000,"1.79763405323128,362.521453462148,1.00146232268889,-2343.02083210207","-0.738714116947551,1076.67683265789,1.00915097916732,-4622.85767086153","-2.15800102267723,1472.09480410437,1.01276887587665,-6290.81146613701","-1.7185404532812,1154.69372755787,1.01014854751702,-4775.97049505559",TRUE,TRUE
"100","5e-04,0.5,1,1","BFGS",1,-74189.1,8000,"1.79763405323128,362.521453462148,1.00146232268889,-2343.02083210207","-0.738714116947551,1076.67683265789,1.00915097916732,-4622.85767086153","-2.15800102267723,1472.09480410437,1.01276887587665,-6290.81146613701","-1.7185404532812,1154.69372755787,1.01014854751702,-4775.97049505559",TRUE,TRUE
"101","5e-04,0.5,1,1","BFGS",1,-74569.3,8000,"1.79763405323128,362.521453462148,1.00146232268889,-2343.02083210207","-0.738714116947551,1076.67683265789,1.00915097916732,-4622.85767086153","-2.15800102267723,1472.09480410437,1.01276887587665,-6290.81146613701","-1.7185404532812,1154.69372755787,1.01014854751702,-4775.97049505559",TRUE,TRUE
"102","5e-04,0.5,1,1","BFGS",1,-74571.7,8000,"1.79763405323128,362.521453462148,1.00146232268889,-2343.02083210207","-0.738714116947551,1076.67683265789,1.00915097916732,-4622.85767086153","-2.15800102267723,1472.09480410437,1.01276887587665,-6290.81146613701","-1.7185404532812,1154.69372755787,1.01014854751702,-4775.97049505559",TRUE,TRUE
"103","2.5,1,1,1","BFGS",1,-71146.3,8000,"26.6978959928019,-495.324345839821,-141.651103545177,-2317.95891675576","36.8671186215033,-839.397368999675,-207.334092658788,-4784.44017257218","46.205142372346,-1172.76730523665,-270.72684521156,-6490.54867074003","34.2945768215395,-881.65000760066,-198.234243775663,-4947.51029269194",TRUE,TRUE
"104","2.5,1,1,1","BFGS",1,-74005.7,8000,"26.6978959928019,-495.324345839821,-141.651103545177,-2317.95891675576","36.8671186215033,-839.397368999675,-207.334092658788,-4784.44017257218","46.205142372346,-1172.76730523665,-270.72684521156,-6490.54867074003","34.2945768215395,-881.65000760066,-198.234243775663,-4947.51029269194",TRUE,TRUE
"105","2.5,1,1,1","BFGS",1,-74195.9,8000,"26.6978959928019,-495.324345839821,-141.651103545177,-2317.95891675576","36.8671186215033,-839.397368999675,-207.334092658788,-4784.44017257218","46.205142372346,-1172.76730523665,-270.72684521156,-6490.54867074003","34.2945768215395,-881.65000760066,-198.234243775663,-4947.51029269194",TRUE,TRUE
"106","2.5,1,1,1","BFGS",1,-74189.1,8000,"26.6978959928019,-495.324345839821,-141.651103545177,-2317.95891675576","36.8671186215033,-839.397368999675,-207.334092658788,-4784.44017257218","46.205142372346,-1172.76730523665,-270.72684521156,-6490.54867074003","34.2945768215395,-881.65000760066,-198.234243775663,-4947.51029269194",TRUE,TRUE
"107","2.5,1,1,1","BFGS",1,-74569.3,8000,"26.6978959928019,-495.324345839821,-141.651103545177,-2317.95891675576","36.8671186215033,-839.397368999675,-207.334092658788,-4784.44017257218","46.205142372346,-1172.76730523665,-270.72684521156,-6490.54867074003","34.2945768215395,-881.65000760066,-198.234243775663,-4947.51029269194",TRUE,TRUE
"108","2.5,1,1,1","BFGS",1,-74571.7,8000,"26.6978959928019,-495.324345839821,-141.651103545177,-2317.95891675576","36.8671186215033,-839.397368999675,-207.334092658788,-4784.44017257218","46.205142372346,-1172.76730523665,-270.72684521156,-6490.54867074003","34.2945768215395,-881.65000760066,-198.234243775663,-4947.51029269194",TRUE,TRUE
"109","4,0.94,0.7029,0.0546","BFGS",0,-71146.3,-75772.5271007107,"3.27887294474438,0.98805661232953,0.530681264402255,0.0848266031566467","3.72040582948556,0.950555557284733,0.666498033319101,0.0636153386002671","3.16566669577787,0.957558138717006,0.595096195209305,0.0536957345290456","3.33743648218563,0.953291514420655,0.620676281210318,0.0516554295456669",TRUE,TRUE
"110","4,0.94,0.7029,0.0546","BFGS",0,-74005.7,-75772.5271007107,"3.27887294474438,0.98805661232953,0.530681264402255,0.0848266031566467","3.72040582948556,0.950555557284733,0.666498033319101,0.0636153386002671","3.16566669577787,0.957558138717006,0.595096195209305,0.0536957345290456","3.33743648218563,0.953291514420655,0.620676281210318,0.0516554295456669",TRUE,TRUE
"111","4,0.94,0.7029,0.0546","BFGS",0,-74195.9,-75772.5271007107,"3.27887294474438,0.98805661232953,0.530681264402255,0.0848266031566467","3.72040582948556,0.950555557284733,0.666498033319101,0.0636153386002671","3.16566669577787,0.957558138717006,0.595096195209305,0.0536957345290456","3.33743648218563,0.953291514420655,0.620676281210318,0.0516554295456669",TRUE,TRUE
"112","4,0.94,0.7029,0.0546","BFGS",0,-74189.1,-75772.5271007107,"3.27887294474438,0.98805661232953,0.530681264402255,0.0848266031566467","3.72040582948556,0.950555557284733,0.666498033319101,0.0636153386002671","3.16566669577787,0.957558138717006,0.595096195209305,0.0536957345290456","3.33743648218563,0.953291514420655,0.620676281210318,0.0516554295456669",TRUE,TRUE
"113","4,0.94,0.7029,0.0546","BFGS",0,-74569.3,-75772.5271007107,"3.27887294474438,0.98805661232953,0.530681264402255,0.0848266031566467","3.72040582948556,0.950555557284733,0.666498033319101,0.0636153386002671","3.16566669577787,0.957558138717006,0.595096195209305,0.0536957345290456","3.33743648218563,0.953291514420655,0.620676281210318,0.0516554295456669",TRUE,TRUE
"114","4,0.94,0.7029,0.0546","BFGS",0,-74571.7,-75772.5271007107,"3.27887294474438,0.98805661232953,0.530681264402255,0.0848266031566467","3.72040582948556,0.950555557284733,0.666498033319101,0.0636153386002671","3.16566669577787,0.957558138717006,0.595096195209305,0.0536957345290456","3.33743648218563,0.953291514420655,0.620676281210318,0.0516554295456669",TRUE,TRUE
"115","4,1,1,1","BFGS",1,-71146.3,8000,"17.3487795150359,-378.735279243141,-139.358147836741,-2372.36357015774","22.7260921643428,-654.328291439218,-205.36059117669,-4861.27988298333","28.0286262796872,-933.955501482364,-272.739026626117,-6588.63786846107","21.6056211807918,-706.02829029733,-201.874274190435,-5019.0663186547",TRUE,TRUE
"116","4,1,1,1","BFGS",1,-74005.7,8000,"17.3487795150359,-378.735279243141,-139.358147836741,-2372.36357015774","22.7260921643428,-654.328291439218,-205.36059117669,-4861.27988298333","28.0286262796872,-933.955501482364,-272.739026626117,-6588.63786846107","21.6056211807918,-706.02829029733,-201.874274190435,-5019.0663186547",TRUE,TRUE
"117","4,1,1,1","BFGS",1,-74195.9,8000,"17.3487795150359,-378.735279243141,-139.358147836741,-2372.36357015774","22.7260921643428,-654.328291439218,-205.36059117669,-4861.27988298333","28.0286262796872,-933.955501482364,-272.739026626117,-6588.63786846107","21.6056211807918,-706.02829029733,-201.874274190435,-5019.0663186547",TRUE,TRUE
"118","4,1,1,1","BFGS",1,-74189.1,8000,"17.3487795150359,-378.735279243141,-139.358147836741,-2372.36357015774","22.7260921643428,-654.328291439218,-205.36059117669,-4861.27988298333","28.0286262796872,-933.955501482364,-272.739026626117,-6588.63786846107","21.6056211807918,-706.02829029733,-201.874274190435,-5019.0663186547",TRUE,TRUE
"119","4,1,1,1","BFGS",1,-74569.3,8000,"17.3487795150359,-378.735279243141,-139.358147836741,-2372.36357015774","22.7260921643428,-654.328291439218,-205.36059117669,-4861.27988298333","28.0286262796872,-933.955501482364,-272.739026626117,-6588.63786846107","21.6056211807918,-706.02829029733,-201.874274190435,-5019.0663186547",TRUE,TRUE
"120","4,1,1,1","BFGS",1,-74571.7,8000,"17.3487795150359,-378.735279243141,-139.358147836741,-2372.36357015774","22.7260921643428,-654.328291439218,-205.36059117669,-4861.27988298333","28.0286262796872,-933.955501482364,-272.739026626117,-6588.63786846107","21.6056211807918,-706.02829029733,-201.874274190435,-5019.0663186547",TRUE,TRUE
"121","4.8990256269843,0.499886615969469,1.73731872659343,0.000653937972683112","L-BFGS-B",1,-71146.3,8000,"4.89890998266809,0.580444771129146,1.73854206127345,-0.996095214881696","4.89894839033284,0.578617166245967,1.73822453900543,-0.996241580119125","4.89894200119943,0.581659809691788,1.73827665341871,-0.995996562539596","4.89895025431832,0.581256585734684,1.73819513797506,-0.996029639820419",TRUE,TRUE
"122","4.8990256269843,0.499886615969469,1.73731872659343,0.000653937972683112","L-BFGS-B",1,-74005.7,8000,"4.89890998266809,0.580444771129146,1.73854206127345,-0.996095214881696","4.89894839033284,0.578617166245967,1.73822453900543,-0.996241580119125","4.89894200119943,0.581659809691788,1.73827665341871,-0.995996562539596","4.89895025431832,0.581256585734684,1.73819513797506,-0.996029639820419",TRUE,TRUE
"123","4.8990256269843,0.499886615969469,1.73731872659343,0.000653937972683112","L-BFGS-B",1,-74195.9,8000,"4.89890998266809,0.580444771129146,1.73854206127345,-0.996095214881696","4.89894839033284,0.578617166245967,1.73822453900543,-0.996241580119125","4.89894200119943,0.581659809691788,1.73827665341871,-0.995996562539596","4.89895025431832,0.581256585734684,1.73819513797506,-0.996029639820419",TRUE,TRUE
"124","4.8990256269843,0.499886615969469,1.73731872659343,0.000653937972683112","L-BFGS-B",1,-74189.1,8000,"4.89890998266809,0.580444771129146,1.73854206127345,-0.996095214881696","4.89894839033284,0.578617166245967,1.73822453900543,-0.996241580119125","4.89894200119943,0.581659809691788,1.73827665341871,-0.995996562539596","4.89895025431832,0.581256585734684,1.73819513797506,-0.996029639820419",TRUE,TRUE
"125","4.8990256269843,0.499886615969469,1.73731872659343,0.000653937972683112","L-BFGS-B",1,-74569.3,8000,"4.89890998266809,0.580444771129146,1.73854206127345,-0.996095214881696","4.89894839033284,0.578617166245967,1.73822453900543,-0.996241580119125","4.89894200119943,0.581659809691788,1.73827665341871,-0.995996562539596","4.89895025431832,0.581256585734684,1.73819513797506,-0.996029639820419",TRUE,TRUE
"126","4.8990256269843,0.499886615969469,1.73731872659343,0.000653937972683112","L-BFGS-B",1,-74571.7,8000,"4.89890998266809,0.580444771129146,1.73854206127345,-0.996095214881696","4.89894839033284,0.578617166245967,1.73822453900543,-0.996241580119125","4.89894200119943,0.581659809691788,1.73827665341871,-0.995996562539596","4.89895025431832,0.581256585734684,1.73819513797506,-0.996029639820419",TRUE,TRUE
"127","3,0.7,1,7e-04","L-BFGS-B",1,-71146.3,8000,"3.00039757100073,0.768972694424504,0.999840442381657,-0.996918456075513","2.99949441957145,0.816022386875793,1.00826800122112,-0.992512057059257","2.99936561712539,0.829841987945516,1.00910898045089,-0.990792653628795","2.99934862477763,0.832250939983592,1.00961549341818,-0.99046941380881",TRUE,TRUE
"128","3,0.7,1,7e-04","L-BFGS-B",1,-74005.7,8000,"3.00039757100073,0.768972694424504,0.999840442381657,-0.996918456075513","2.99949441957145,0.816022386875793,1.00826800122112,-0.992512057059257","2.99936561712539,0.829841987945516,1.00910898045089,-0.990792653628795","2.99934862477763,0.832250939983592,1.00961549341818,-0.99046941380881",TRUE,TRUE
"129","3,0.7,1,7e-04","L-BFGS-B",1,-74195.9,8000,"3.00039757100073,0.768972694424504,0.999840442381657,-0.996918456075513","2.99949441957145,0.816022386875793,1.00826800122112,-0.992512057059257","2.99936561712539,0.829841987945516,1.00910898045089,-0.990792653628795","2.99934862477763,0.832250939983592,1.00961549341818,-0.99046941380881",TRUE,TRUE
"130","3,0.7,1,7e-04","L-BFGS-B",1,-74189.1,8000,"3.00039757100073,0.768972694424504,0.999840442381657,-0.996918456075513","2.99949441957145,0.816022386875793,1.00826800122112,-0.992512057059257","2.99936561712539,0.829841987945516,1.00910898045089,-0.990792653628795","2.99934862477763,0.832250939983592,1.00961549341818,-0.99046941380881",TRUE,TRUE
"131","3,0.7,1,7e-04","L-BFGS-B",1,-74569.3,8000,"3.00039757100073,0.768972694424504,0.999840442381657,-0.996918456075513","2.99949441957145,0.816022386875793,1.00826800122112,-0.992512057059257","2.99936561712539,0.829841987945516,1.00910898045089,-0.990792653628795","2.99934862477763,0.832250939983592,1.00961549341818,-0.99046941380881",TRUE,TRUE
"132","3,0.7,1,7e-04","L-BFGS-B",1,-74571.7,8000,"3.00039757100073,0.768972694424504,0.999840442381657,-0.996918456075513","2.99949441957145,0.816022386875793,1.00826800122112,-0.992512057059257","2.99936561712539,0.829841987945516,1.00910898045089,-0.990792653628795","2.99934862477763,0.832250939983592,1.00961549341818,-0.99046941380881",TRUE,TRUE
"133","2.5,0.8,0.9,0.001","L-BFGS-B",1,-71146.3,8000,"2.50328512889313,0.770028234687265,0.882052860799215,-0.998384211105369","2.50251495649826,0.82571442460504,0.890464124073123,-0.998620683275086","2.50296740772655,0.824103391804829,0.887400390473601,-0.998625665354121","2.50282376818404,0.832864243862496,0.889096396792835,-0.998396357430669",TRUE,TRUE
"134","2.5,0.8,0.9,0.001","L-BFGS-B",1,-74005.7,8000,"2.50328512889313,0.770028234687265,0.882052860799215,-0.998384211105369","2.50251495649826,0.82571442460504,0.890464124073123,-0.998620683275086","2.50296740772655,0.824103391804829,0.887400390473601,-0.998625665354121","2.50282376818404,0.832864243862496,0.889096396792835,-0.998396357430669",TRUE,TRUE
"135","2.5,0.8,0.9,0.001","L-BFGS-B",1,-74195.9,8000,"2.50328512889313,0.770028234687265,0.882052860799215,-0.998384211105369","2.50251495649826,0.82571442460504,0.890464124073123,-0.998620683275086","2.50296740772655,0.824103391804829,0.887400390473601,-0.998625665354121","2.50282376818404,0.832864243862496,0.889096396792835,-0.998396357430669",TRUE,TRUE
"136","2.5,0.8,0.9,0.001","L-BFGS-B",1,-74189.1,8000,"2.50328512889313,0.770028234687265,0.882052860799215,-0.998384211105369","2.50251495649826,0.82571442460504,0.890464124073123,-0.998620683275086","2.50296740772655,0.824103391804829,0.887400390473601,-0.998625665354121","2.50282376818404,0.832864243862496,0.889096396792835,-0.998396357430669",TRUE,TRUE
"137","2.5,0.8,0.9,0.001","L-BFGS-B",1,-74569.3,8000,"2.50328512889313,0.770028234687265,0.882052860799215,-0.998384211105369","2.50251495649826,0.82571442460504,0.890464124073123,-0.998620683275086","2.50296740772655,0.824103391804829,0.887400390473601,-0.998625665354121","2.50282376818404,0.832864243862496,0.889096396792835,-0.998396357430669",TRUE,TRUE
"138","2.5,0.8,0.9,0.001","L-BFGS-B",1,-74571.7,8000,"2.50328512889313,0.770028234687265,0.882052860799215,-0.998384211105369","2.50251495649826,0.82571442460504,0.890464124073123,-0.998620683275086","2.50296740772655,0.824103391804829,0.887400390473601,-0.998625665354121","2.50282376818404,0.832864243862496,0.889096396792835,-0.998396357430669",TRUE,TRUE
"139","4,0.5,0.8,9e-04","L-BFGS-B",1,-71146.3,8000,"3.99910949391687,0.545643753611778,0.810914391595118,-0.997997757936843","3.99928803282602,0.543617314779169,0.80981335196332,-0.99809986039911","3.99929008903084,0.54511411353567,0.809799030108879,-0.998033527215516","3.99930680080221,0.544952519449392,0.80979409298077,-0.998040872230538",TRUE,TRUE
"140","4,0.5,0.8,9e-04","L-BFGS-B",1,-74005.7,8000,"3.99910949391687,0.545643753611778,0.810914391595118,-0.997997757936843","3.99928803282602,0.543617314779169,0.80981335196332,-0.99809986039911","3.99929008903084,0.54511411353567,0.809799030108879,-0.998033527215516","3.99930680080221,0.544952519449392,0.80979409298077,-0.998040872230538",TRUE,TRUE
"141","4,0.5,0.8,9e-04","L-BFGS-B",1,-74195.9,8000,"3.99910949391687,0.545643753611778,0.810914391595118,-0.997997757936843","3.99928803282602,0.543617314779169,0.80981335196332,-0.99809986039911","3.99929008903084,0.54511411353567,0.809799030108879,-0.998033527215516","3.99930680080221,0.544952519449392,0.80979409298077,-0.998040872230538",TRUE,TRUE
"142","4,0.5,0.8,9e-04","L-BFGS-B",1,-74189.1,8000,"3.99910949391687,0.545643753611778,0.810914391595118,-0.997997757936843","3.99928803282602,0.543617314779169,0.80981335196332,-0.99809986039911","3.99929008903084,0.54511411353567,0.809799030108879,-0.998033527215516","3.99930680080221,0.544952519449392,0.80979409298077,-0.998040872230538",TRUE,TRUE
"143","4,0.5,0.8,9e-04","L-BFGS-B",1,-74569.3,8000,"3.99910949391687,0.545643753611778,0.810914391595118,-0.997997757936843","3.99928803282602,0.543617314779169,0.80981335196332,-0.99809986039911","3.99929008903084,0.54511411353567,0.809799030108879,-0.998033527215516","3.99930680080221,0.544952519449392,0.80979409298077,-0.998040872230538",TRUE,TRUE
"144","4,0.5,0.8,9e-04","L-BFGS-B",1,-74571.7,8000,"3.99910949391687,0.545643753611778,0.810914391595118,-0.997997757936843","3.99928803282602,0.543617314779169,0.80981335196332,-0.99809986039911","3.99929008903084,0.54511411353567,0.809799030108879,-0.998033527215516","3.99930680080221,0.544952519449392,0.80979409298077,-0.998040872230538",TRUE,TRUE
"145","2.04806679524682,0.997001628679229,0.618510030987695,0.00145509133473723","L-BFGS-B",0,-71146.3,-75772.5275419593,"3.27872740514129,0.988038981976629,0.530695653062404,0.0848270052284091","3.72062773189858,0.950549871574389,0.666522587650937,0.0636169433702975","3.16565829586857,0.95755762232427,0.595096106426234,0.053695729021464","3.33777162154436,0.953308709306063,0.620652219576641,0.0516551209701775",TRUE,TRUE
"146","2.04806679524682,0.997001628679229,0.618510030987695,0.00145509133473723","L-BFGS-B",0,-74005.7,-75772.5275419593,"3.27872740514129,0.988038981976629,0.530695653062404,0.0848270052284091","3.72062773189858,0.950549871574389,0.666522587650937,0.0636169433702975","3.16565829586857,0.95755762232427,0.595096106426234,0.053695729021464","3.33777162154436,0.953308709306063,0.620652219576641,0.0516551209701775",TRUE,TRUE
"147","2.04806679524682,0.997001628679229,0.618510030987695,0.00145509133473723","L-BFGS-B",0,-74195.9,-75772.5275419593,"3.27872740514129,0.988038981976629,0.530695653062404,0.0848270052284091","3.72062773189858,0.950549871574389,0.666522587650937,0.0636169433702975","3.16565829586857,0.95755762232427,0.595096106426234,0.053695729021464","3.33777162154436,0.953308709306063,0.620652219576641,0.0516551209701775",TRUE,TRUE
"148","2.04806679524682,0.997001628679229,0.618510030987695,0.00145509133473723","L-BFGS-B",0,-74189.1,-75772.5275419593,"3.27872740514129,0.988038981976629,0.530695653062404,0.0848270052284091","3.72062773189858,0.950549871574389,0.666522587650937,0.0636169433702975","3.16565829586857,0.95755762232427,0.595096106426234,0.053695729021464","3.33777162154436,0.953308709306063,0.620652219576641,0.0516551209701775",TRUE,TRUE
"149","2.04806679524682,0.997001628679229,0.618510030987695,0.00145509133473723","L-BFGS-B",0,-74569.3,-75772.5275419593,"3.27872740514129,0.988038981976629,0.530695653062404,0.0848270052284091","3.72062773189858,0.950549871574389,0.666522587650937,0.0636169433702975","3.16565829586857,0.95755762232427,0.595096106426234,0.053695729021464","3.33777162154436,0.953308709306063,0.620652219576641,0.0516551209701775",TRUE,TRUE
"150","2.04806679524682,0.997001628679229,0.618510030987695,0.00145509133473723","L-BFGS-B",0,-74571.7,-75772.5275419593,"3.27872740514129,0.988038981976629,0.530695653062404,0.0848270052284091","3.72062773189858,0.950549871574389,0.666522587650937,0.0636169433702975","3.16565829586857,0.95755762232427,0.595096106426234,0.053695729021464","3.33777162154436,0.953308709306063,0.620652219576641,0.0516551209701775",TRUE,TRUE
"151","1.416,0.984,0.444,0.101","L-BFGS-B",0,-71146.3,-75772.5275289032,"3.27883869063645,0.988061684719159,0.530682241639594,0.084831171431198","3.72060300793375,0.95052465249664,0.666565260137764,0.0636116257748854","3.16563837262968,0.957560277022317,0.595091262683355,0.0536951830104136","3.33834437941413,0.953299008593332,0.620720497768091,0.051656426309232",TRUE,TRUE
"152","1.416,0.984,0.444,0.101","L-BFGS-B",0,-74005.7,-75772.5275289032,"3.27883869063645,0.988061684719159,0.530682241639594,0.084831171431198","3.72060300793375,0.95052465249664,0.666565260137764,0.0636116257748854","3.16563837262968,0.957560277022317,0.595091262683355,0.0536951830104136","3.33834437941413,0.953299008593332,0.620720497768091,0.051656426309232",TRUE,TRUE
"153","1.416,0.984,0.444,0.101","L-BFGS-B",0,-74195.9,-75772.5275289032,"3.27883869063645,0.988061684719159,0.530682241639594,0.084831171431198","3.72060300793375,0.95052465249664,0.666565260137764,0.0636116257748854","3.16563837262968,0.957560277022317,0.595091262683355,0.0536951830104136","3.33834437941413,0.953299008593332,0.620720497768091,0.051656426309232",TRUE,TRUE
"154","1.416,0.984,0.444,0.101","L-BFGS-B",0,-74189.1,-75772.5275289032,"3.27883869063645,0.988061684719159,0.530682241639594,0.084831171431198","3.72060300793375,0.95052465249664,0.666565260137764,0.0636116257748854","3.16563837262968,0.957560277022317,0.595091262683355,0.0536951830104136","3.33834437941413,0.953299008593332,0.620720497768091,0.051656426309232",TRUE,TRUE
"155","1.416,0.984,0.444,0.101","L-BFGS-B",0,-74569.3,-75772.5275289032,"3.27883869063645,0.988061684719159,0.530682241639594,0.084831171431198","3.72060300793375,0.95052465249664,0.666565260137764,0.0636116257748854","3.16563837262968,0.957560277022317,0.595091262683355,0.0536951830104136","3.33834437941413,0.953299008593332,0.620720497768091,0.051656426309232",TRUE,TRUE
"156","1.416,0.984,0.444,0.101","L-BFGS-B",0,-74571.7,-75772.5275289032,"3.27883869063645,0.988061684719159,0.530682241639594,0.084831171431198","3.72060300793375,0.95052465249664,0.666565260137764,0.0636116257748854","3.16563837262968,0.957560277022317,0.595091262683355,0.0536951830104136","3.33834437941413,0.953299008593332,0.620720497768091,0.051656426309232",TRUE,TRUE
"157","5e-04,0.5,1,1","L-BFGS-B",0,-71146.3,-75772.5275962128,"3.2788263799845,0.988073675932361,0.530667140449026,0.0848288970093071","3.71950951875228,0.950571073990876,0.666415032071631,0.0636155865682761","3.16573805005501,0.957553534235372,0.595110155502139,0.0536949187642234","3.33814834925782,0.953241228591658,0.620770372413284,0.0516489819224707",TRUE,TRUE
"158","5e-04,0.5,1,1","L-BFGS-B",0,-74005.7,-75772.5275962128,"3.2788263799845,0.988073675932361,0.530667140449026,0.0848288970093071","3.71950951875228,0.950571073990876,0.666415032071631,0.0636155865682761","3.16573805005501,0.957553534235372,0.595110155502139,0.0536949187642234","3.33814834925782,0.953241228591658,0.620770372413284,0.0516489819224707",TRUE,TRUE
"159","5e-04,0.5,1,1","L-BFGS-B",0,-74195.9,-75772.5275962128,"3.2788263799845,0.988073675932361,0.530667140449026,0.0848288970093071","3.71950951875228,0.950571073990876,0.666415032071631,0.0636155865682761","3.16573805005501,0.957553534235372,0.595110155502139,0.0536949187642234","3.33814834925782,0.953241228591658,0.620770372413284,0.0516489819224707",TRUE,TRUE
"160","5e-04,0.5,1,1","L-BFGS-B",0,-74189.1,-75772.5275962128,"3.2788263799845,0.988073675932361,0.530667140449026,0.0848288970093071","3.71950951875228,0.950571073990876,0.666415032071631,0.0636155865682761","3.16573805005501,0.957553534235372,0.595110155502139,0.0536949187642234","3.33814834925782,0.953241228591658,0.620770372413284,0.0516489819224707",TRUE,TRUE
"161","5e-04,0.5,1,1","L-BFGS-B",0,-74569.3,-75772.5275962128,"3.2788263799845,0.988073675932361,0.530667140449026,0.0848288970093071","3.71950951875228,0.950571073990876,0.666415032071631,0.0636155865682761","3.16573805005501,0.957553534235372,0.595110155502139,0.0536949187642234","3.33814834925782,0.953241228591658,0.620770372413284,0.0516489819224707",TRUE,TRUE
"162","5e-04,0.5,1,1","L-BFGS-B",0,-74571.7,-75772.5275962128,"3.2788263799845,0.988073675932361,0.530667140449026,0.0848288970093071","3.71950951875228,0.950571073990876,0.666415032071631,0.0636155865682761","3.16573805005501,0.957553534235372,0.595110155502139,0.0536949187642234","3.33814834925782,0.953241228591658,0.620770372413284,0.0516489819224707",TRUE,TRUE
"163","2.5,1,1,1","L-BFGS-B",0,-71146.3,-75772.5264398003,"3.27887096674038,0.98806260906295,0.530683672334965,0.084830928346807","3.72055290528128,0.950540877895845,0.666530410440286,0.0636163328959748","3.16488321624335,0.957575156455348,0.595017755128439,0.0536967257697848","3.33829063597492,0.953281426280993,0.620739537599978,0.0516588195862762",TRUE,TRUE
"164","2.5,1,1,1","L-BFGS-B",0,-74005.7,-75772.5264398003,"3.27887096674038,0.98806260906295,0.530683672334965,0.084830928346807","3.72055290528128,0.950540877895845,0.666530410440286,0.0636163328959748","3.16488321624335,0.957575156455348,0.595017755128439,0.0536967257697848","3.33829063597492,0.953281426280993,0.620739537599978,0.0516588195862762",TRUE,TRUE
"165","2.5,1,1,1","L-BFGS-B",0,-74195.9,-75772.5264398003,"3.27887096674038,0.98806260906295,0.530683672334965,0.084830928346807","3.72055290528128,0.950540877895845,0.666530410440286,0.0636163328959748","3.16488321624335,0.957575156455348,0.595017755128439,0.0536967257697848","3.33829063597492,0.953281426280993,0.620739537599978,0.0516588195862762",TRUE,TRUE
"166","2.5,1,1,1","L-BFGS-B",0,-74189.1,-75772.5264398003,"3.27887096674038,0.98806260906295,0.530683672334965,0.084830928346807","3.72055290528128,0.950540877895845,0.666530410440286,0.0636163328959748","3.16488321624335,0.957575156455348,0.595017755128439,0.0536967257697848","3.33829063597492,0.953281426280993,0.620739537599978,0.0516588195862762",TRUE,TRUE
"167","2.5,1,1,1","L-BFGS-B",0,-74569.3,-75772.5264398003,"3.27887096674038,0.98806260906295,0.530683672334965,0.084830928346807","3.72055290528128,0.950540877895845,0.666530410440286,0.0636163328959748","3.16488321624335,0.957575156455348,0.595017755128439,0.0536967257697848","3.33829063597492,0.953281426280993,0.620739537599978,0.0516588195862762",TRUE,TRUE
"168","2.5,1,1,1","L-BFGS-B",0,-74571.7,-75772.5264398003,"3.27887096674038,0.98806260906295,0.530683672334965,0.084830928346807","3.72055290528128,0.950540877895845,0.666530410440286,0.0636163328959748","3.16488321624335,0.957575156455348,0.595017755128439,0.0536967257697848","3.33829063597492,0.953281426280993,0.620739537599978,0.0516588195862762",TRUE,TRUE
"169","4,0.94,0.7029,0.0546","L-BFGS-B",0,-71146.3,-75772.5272590636,"3.27888049414825,0.988060542548884,0.530686824896563,0.0848310428488436","3.72063309795626,0.950549555000177,0.666523240113234,0.0636169464564451","3.16561200190179,0.957546967252814,0.595113894724798,0.0536956879400239","3.33855478494436,0.953266962618509,0.620786482011935,0.0516547476532164",TRUE,TRUE
"170","4,0.94,0.7029,0.0546","L-BFGS-B",0,-74005.7,-75772.5272590636,"3.27888049414825,0.988060542548884,0.530686824896563,0.0848310428488436","3.72063309795626,0.950549555000177,0.666523240113234,0.0636169464564451","3.16561200190179,0.957546967252814,0.595113894724798,0.0536956879400239","3.33855478494436,0.953266962618509,0.620786482011935,0.0516547476532164",TRUE,TRUE
"171","4,0.94,0.7029,0.0546","L-BFGS-B",0,-74195.9,-75772.5272590636,"3.27888049414825,0.988060542548884,0.530686824896563,0.0848310428488436","3.72063309795626,0.950549555000177,0.666523240113234,0.0636169464564451","3.16561200190179,0.957546967252814,0.595113894724798,0.0536956879400239","3.33855478494436,0.953266962618509,0.620786482011935,0.0516547476532164",TRUE,TRUE
"172","4,0.94,0.7029,0.0546","L-BFGS-B",0,-74189.1,-75772.5272590636,"3.27888049414825,0.988060542548884,0.530686824896563,0.0848310428488436","3.72063309795626,0.950549555000177,0.666523240113234,0.0636169464564451","3.16561200190179,0.957546967252814,0.595113894724798,0.0536956879400239","3.33855478494436,0.953266962618509,0.620786482011935,0.0516547476532164",TRUE,TRUE
"173","4,0.94,0.7029,0.0546","L-BFGS-B",0,-74569.3,-75772.5272590636,"3.27888049414825,0.988060542548884,0.530686824896563,0.0848310428488436","3.72063309795626,0.950549555000177,0.666523240113234,0.0636169464564451","3.16561200190179,0.957546967252814,0.595113894724798,0.0536956879400239","3.33855478494436,0.953266962618509,0.620786482011935,0.0516547476532164",TRUE,TRUE
"174","4,0.94,0.7029,0.0546","L-BFGS-B",0,-74571.7,-75772.5272590636,"3.27888049414825,0.988060542548884,0.530686824896563,0.0848310428488436","3.72063309795626,0.950549555000177,0.666523240113234,0.0636169464564451","3.16561200190179,0.957546967252814,0.595113894724798,0.0536956879400239","3.33855478494436,0.953266962618509,0.620786482011935,0.0516547476532164",TRUE,TRUE
"175","4,1,1,1","L-BFGS-B",0,-71146.3,-75772.5271930442,"3.27885981946315,0.988059245642898,0.530685778359318,0.0848307712678299","3.72036680310967,0.950559407631297,0.666474537688714,0.0636135928088528","3.165669136331,0.957557883047517,0.595096642265979,0.0536957233534202","3.33829225792812,0.953279222081716,0.620742419285805,0.0516587072733912",TRUE,TRUE
"176","4,1,1,1","L-BFGS-B",0,-74005.7,-75772.5271930442,"3.27885981946315,0.988059245642898,0.530685778359318,0.0848307712678299","3.72036680310967,0.950559407631297,0.666474537688714,0.0636135928088528","3.165669136331,0.957557883047517,0.595096642265979,0.0536957233534202","3.33829225792812,0.953279222081716,0.620742419285805,0.0516587072733912",TRUE,TRUE
"177","4,1,1,1","L-BFGS-B",0,-74195.9,-75772.5271930442,"3.27885981946315,0.988059245642898,0.530685778359318,0.0848307712678299","3.72036680310967,0.950559407631297,0.666474537688714,0.0636135928088528","3.165669136331,0.957557883047517,0.595096642265979,0.0536957233534202","3.33829225792812,0.953279222081716,0.620742419285805,0.0516587072733912",TRUE,TRUE
"178","4,1,1,1","L-BFGS-B",0,-74189.1,-75772.5271930442,"3.27885981946315,0.988059245642898,0.530685778359318,0.0848307712678299","3.72036680310967,0.950559407631297,0.666474537688714,0.0636135928088528","3.165669136331,0.957557883047517,0.595096642265979,0.0536957233534202","3.33829225792812,0.953279222081716,0.620742419285805,0.0516587072733912",TRUE,TRUE
"179","4,1,1,1","L-BFGS-B",0,-74569.3,-75772.5271930442,"3.27885981946315,0.988059245642898,0.530685778359318,0.0848307712678299","3.72036680310967,0.950559407631297,0.666474537688714,0.0636135928088528","3.165669136331,0.957557883047517,0.595096642265979,0.0536957233534202","3.33829225792812,0.953279222081716,0.620742419285805,0.0516587072733912",TRUE,TRUE
"180","4,1,1,1","L-BFGS-B",0,-74571.7,-75772.5271930442,"3.27885981946315,0.988059245642898,0.530685778359318,0.0848307712678299","3.72036680310967,0.950559407631297,0.666474537688714,0.0636135928088528","3.165669136331,0.957557883047517,0.595096642265979,0.0536957233534202","3.33829225792812,0.953279222081716,0.620742419285805,0.0516587072733912",TRUE,TRUE
